,Transaction_Amount,Account_Balance,Risk_Score,Daily_Transaction_Count,Transaction_Distance
count,50000.0,50000.0,50000.0,50000.0,50000.0
mean,99.41101219999999,50294.0659808,0.501555518,7.48524,2499.1641554000003
std,98.68729210927782,28760.458557251815,0.28777411902536215,4.03963717625362,1442.0138335532922
min,0.0,500.48,0.0001,1.0,0.25
25%,28.677500000000002,25355.995,0.254,4.0,1256.4975
50%,69.66,50384.43,0.50225,7.0,2490.785
75%,138.8525,75115.13500000001,0.749525,11.0,3746.395
max,1174.14,99998.31,1.0,14.0,4999.93
