,age,trestbps,chol,thalach,oldpeak
count,1025.0,1025.0,1025.0,1025.0,1025.0
mean,54.43414634146342,131.61170731707318,246.0,149.11414634146342,1.0715121951219515
std,9.072290233244278,17.516718005376408,51.59251020618206,23.005723745977207,1.175053255150176
min,29.0,94.0,126.0,71.0,0.0
25%,48.0,120.0,211.0,132.0,0.0
50%,56.0,130.0,240.0,152.0,0.8
75%,61.0,140.0,275.0,166.0,1.8
max,77.0,200.0,564.0,202.0,6.2
