Dataset,Model,Accuracy,AUC_ROC,Brier_Score,Precision,Recall,F1_Score,Specificity,Training_Time_s,Inference_Time_s,Avg_Inference_ms,Num_Edges,Num_Nodes
Fraud Detection,Discrete Bayesian Network (Tree),0.8772,0.959929298569779,0.0746227106683806,1.0,0.617802676626206,0.7637552904963448,1.0,35.7650511264801,14.355373859405518,1.4355373859405518,12,13
Heart Disease,Discrete Bayesian Network (Tree),0.8585365853658536,0.8995238095238095,0.1216492920940368,0.8518518518518519,0.8761904761904762,0.863849765258216,0.84,10.427926301956177,0.4834659099578857,2.3583702924774914,13,14
