Dataset,Model,Accuracy,AUC_ROC,Brier_Score,Precision,Recall,F1_Score,Specificity,Training_Time_s,Inference_Time_s,Avg_Inference_ms,Num_Edges,Num_Nodes,Implementation,Num_Features,Uncertain_Predictions,High_Confidence_Predictions
Fraud Detection,Discrete Bayesian Network (Tree),0.8772,0.959929298569779,0.0746227106683806,1.0,0.617802676626206,0.7637552904963448,1.0,15.198479890823364,8.993645429611206,0.8993645429611206,12.0,13.0,Discrete BN - Fraud,,,
Heart Disease,Discrete Bayesian Network (Tree),0.8585365853658536,0.8995238095238095,0.1216492920940368,0.8518518518518519,0.8761904761904762,0.863849765258216,0.84,4.888559818267822,0.170743703842163,0.8328961163032346,13.0,14.0,Discrete BN - Heart,,,
Fraud Detection,Gaussian Bayesian Network (Continuous),0.884,0.9428699004445024,0.09822419637081,0.8331710483609218,0.798941798941799,0.8156974896727042,0.924266980993075,0.0453920364379882,28.972461700439453,2.8972461700439456,8.0,9.0,Gaussian BN - Fraud,,,
Heart Disease,Gaussian Bayesian Network (Continuous),0.8292682926829268,0.904095238095238,0.136067959468735,0.8070175438596491,0.8761904761904762,0.8401826484018265,0.78,0.0414016246795654,1.2417678833007812,6.0574043087843,11.0,13.0,Gaussian BN - Heart,,,
Fraud Detection,Gaussian Process (RBF Kernel),0.9852,0.9991086197588248,0.0147619338830665,0.9746051409104988,0.9794584500466852,0.9770257683949084,0.9879180786798292,499.58148527145386,5.411324977874756,0.5411324977874755,,,Gaussian Process - Fraud,7.0,415.0,9585.0
Heart Disease,Gaussian Process (RBF Kernel),1.0,1.0,0.0580775752309128,1.0,1.0,1.0,1.0,282.2690486907959,0.1117730140686035,0.5452342149687976,,,Gaussian Process - Heart,13.0,23.0,182.0
